ID,NOM,Lat,Lon,Alt (m),Réseau,Humidité relative,Neige,Précipitomètre,Pluviomètre à auget,Température de l'air,Température à 10 cm dans le sol,Température du point de rosée,Direction du vent (10m),Direction du vent (3m),Direction de la pointe de vent (10m),Direction de la pointe de vent (3m),Vitesse du vent (10m),Vitesse du vent (3m),Vitesse de la pointe de vent (10m),Vitesse de la pointe de vent (3m),Rayonnement solaire,Pression atmosphérique,Pression atmosphérique au niveau de la mer
CMOJ,Armagh,46.70573,-70.58296,317,FADQ,OUI,OUI,NON,OUI,OUI,NON,OUI,NON,OUI,NON,OUI,NON,OUI,NON,OUI,NON,NON,NON
CMXC,Arundel F,45.96415,-74.57995,184,FADQ,OUI,OUI,NON,OUI,OUI,OUI,OUI,NON,OUI,NON,OUI,NON,OUI,NON,OUI,NON,NON,NON
CGGA,Aéroport de Gaspé,48.77672,-64.4794,40,DEA,OUI,OUI,OUI,OUI,OUI,NON,OUI,OUI,NON,OUI,NON,OUI,NON,OUI,NON,NON,OUI,OUI
CGRQ,Aéroport de Trois-Rivières,46.359328,-72.67593,62,DEA,OUI,OUI,OUI,OUI,OUI,NON,OUI,OUI,NON,OUI,NON,OUI,NON,OUI,NON,OUI,OUI,OUI
CYGR,Aéroport des Îles de la Madeleine,47.422347,-61.784358,10,DEA,OUI,NON,NON,NON,OUI,NON,OUI,OUI,NON,OUI,NON,OUI,NON,OUI,NON,NON,OUI,OUI
CYBG,Bagotville,48.3331,-71,159,DEA,OUI,NON,NON,NON,OUI,NON,OUI,OUI,NON,NON,NON,OUI,NON,NON,NON,NON,OUI,OUI
CWFW,Baie-Comeau,49.2592,-68.145,130,DEA,OUI,NON,OUI,OUI,OUI,NON,OUI,OUI,NON,OUI,NON,OUI,NON,OUI,NON,OUI,OUI,OUI
CYBC,Baie-Comeau A,49.1325,-68.20435,21,DEA,OUI,NON,OUI,NON,OUI,NON,OUI,OUI,NON,OUI,NON,OUI,NON,OUI,NON,NON,OUI,OUI
CGBC,Baie-Comeau RCS,49.135,-68.2024,21,DEA,OUI,OUI,OUI,OUI,OUI,NON,OUI,OUI,NON,OUI,NON,OUI,NON,OUI,NON,NON,OUI,OUI
CMSZ,Baie-Saint-Paul,47.46006,-70.50175,26,FADQ,OUI,OUI,NON,OUI,OUI,OUI,OUI,NON,OUI,NON,OUI,NON,OUI,NON,OUI,OUI,NON,NON
CQBW,Baldwin,48.5619,-66.1055,644,DCF,OUI,NON,NON,OUI,OUI,NON,OUI,OUI,NON,OUI,NON,OUI,NON,OUI,NON,NON,NON,NON
CWBA,Barrage Témiscamingue,46.7097,-79.1011,180,DEA,OUI,OUI,OUI,OUI,OUI,NON,OUI,OUI,NON,OUI,NON,OUI,NON,OUI,NON,NON,NON,NON
CMUA,Barraute,48.47509,-77.655347,313,FADQ,OUI,OUI,NON,OUI,OUI,OUI,OUI,NON,NON,NON,NON,NON,NON,NON,NON,NON,NON,NON
CMBA,Barrière - Barrage amont,47.4989,-76.7306,363,HYDRO,OUI,OUI,OUI,OUI,OUI,NON,OUI,NON,OUI,NON,NON,NON,OUI,NON,NON,NON,NON,NON
CWHV,Beauceville,46.204891,-70.785059,228,DEA,OUI,NON,OUI,OUI,OUI,NON,OUI,OUI,NON,OUI,NON,OUI,NON,OUI,NON,NON,OUI,OUI
QFBV,Beauceville F,46.25177,-70.75204,311,FADQ,OUI,OUI,NON,OUI,OUI,NON,OUI,NON,NON,NON,NON,NON,NON,NON,NON,NON,NON,NON
CXBO,Beauport,46.836997,-71.197339,10,DEA,OUI,NON,OUI,OUI,OUI,NON,OUI,OUI,NON,OUI,NON,OUI,NON,OUI,NON,NON,NON,NON
CQBT,Berthelot,48.475833,-76.255,400,SOPFEU,OUI,NON,NON,OUI,OUI,NON,OUI,OUI,NON,NON,NON,OUI,NON,OUI,NON,NON,NON,NON
CQBF,Boffin,46.954628,-71.606157,203,SOPFEU,OUI,NON,NON,OUI,OUI,NON,OUI,OUI,NON,NON,NON,OUI,NON,OUI,NON,NON,NON,NON
QFBR,Bristol,45.5303,-76.444233,90,FADQ,OUI,OUI,NON,OUI,OUI,NON,OUI,NON,NON,NON,NON,NON,NON,NON,NON,NON,NON,NON
CMZO,Brownsburg-Chatham,45.65742,-74.48645,104,FADQ,OUI,OUI,NON,OUI,OUI,OUI,OUI,NON,NON,NON,NON,NON,NON,NON,NON,OUI,NON,NON
QFBU,Bury,45.53666,-71.53765,287,FADQ,OUI,OUI,NON,OUI,OUI,NON,OUI,NON,NON,NON,NON,NON,NON,NON,NON,NON,NON,NON
SGEA,CETAB Victoriaville A,46.0433611,-71.9731083,105,SM,OUI,OUI,NON,OUI,OUI,OUI,OUI,NON,OUI,NON,OUI,NON,OUI,NON,OUI,NON,NON,NON
QFCL,Calixa-Lavallée,45.72935,-73.25378,19,FADQ,OUI,OUI,NON,OUI,OUI,OUI,OUI,NON,OUI,NON,OUI,NON,OUI,NON,OUI,NON,NON,NON
CWRZ,Cap D'Espoir,48.4192,-64.3172,15,DEA,OUI,NON,NON,NON,OUI,NON,OUI,OUI,NON,OUI,NON,OUI,NON,OUI,NON,NON,OUI,OUI
CWSG,Cap-Chat,49.1092,-66.6542,4,DEA,OUI,NON,OUI,NON,OUI,NON,OUI,OUI,NON,OUI,NON,OUI,NON,OUI,NON,NON,OUI,OUI
CMYP,Cap-Chat-Est,49.1001,-66.61875,49,FADQ,OUI,OUI,NON,OUI,OUI,OUI,OUI,NON,OUI,NON,OUI,NON,OUI,NON,OUI,NON,NON,NON
CWSF,Cap-Madeleine,49.2508,-65.3249,28,DEA,OUI,OUI,OUI,OUI,OUI,NON,OUI,OUI,NON,OUI,NON,OUI,NON,OUI,NON,NON,OUI,OUI
CWTN,Cap-Tourmente,47.0786,-70.7808,5,DEA,OUI,OUI,OUI,NON,OUI,NON,OUI,OUI,NON,OUI,NON,OUI,NON,OUI,NON,OUI,OUI,OUI
CQCU,Capitachouane,47.826944,-76.597778,375,SOPFEU,OUI,OUI,OUI,OUI,OUI,NON,OUI,OUI,OUI,NON,NON,OUI,OUI,OUI,NON,NON,NON,NON
CGCL,Causapscal,48.308789,-67.252754,127,DEA,OUI,OUI,OUI,OUI,OUI,NON,OUI,OUI,NON,OUI,NON,OUI,NON,OUI,NON,NON,OUI,OUI
CMTY,Chambord,48.44345,-72.096383,113,FADQ,OUI,OUI,NON,OUI,OUI,NON,OUI,NON,OUI,NON,OUI,NON,OUI,NON,OUI,OUI,NON,NON
CWEE,Chamouchouane,49.2786,-73.3556,303,ALCAN,OUI,NON,OUI,OUI,OUI,NON,OUI,NON,NON,NON,NON,NON,NON,NON,NON,NON,OUI,NON
CWIS,Charlevoix,47.2842,-70.6372,717,DEA,OUI,OUI,OUI,OUI,OUI,NON,OUI,OUI,NON,OUI,NON,OUI,NON,OUI,NON,NON,OUI,OUI
CYRC,Chicoutimi/St-Honore,48.5208,-71.0506,165,DEA,OUI,NON,NON,NON,OUI,NON,OUI,OUI,NON,OUI,NON,OUI,NON,OUI,NON,NON,OUI,OUI
CQCD,Chute du Diable,48.75,-71.7,182,ALCAN,OUI,NON,OUI,NON,OUI,NON,OUI,NON,NON,NON,NON,NON,NON,NON,NON,NON,NON,NON
CMZI,Clarendon,45.632659,-76.535204,169,FADQ,OUI,OUI,NON,OUI,OUI,OUI,OUI,NON,OUI,NON,OUI,NON,OUI,NON,OUI,OUI,NON,NON
CMWU,Cloutier,48.016167,-79.13505,273,FADQ,OUI,OUI,NON,OUI,OUI,OUI,OUI,NON,NON,NON,NON,NON,NON,NON,NON,NON,NON,NON
CMVF,Compton,45.259947,-71.833729,245,FADQ,OUI,OUI,NON,OUI,OUI,OUI,OUI,NON,NON,NON,NON,NON,NON,NON,NON,NON,NON,NON
CQYC,Coulonge,46.0859,-76.5525,264,DCF,OUI,OUI,OUI,OUI,OUI,NON,OUI,OUI,OUI,OUI,OUI,OUI,OUI,OUI,OUI,NON,NON,NON
CMPH,Courcelles,45.86175,-70.943567,390,FADQ,OUI,OUI,NON,OUI,OUI,OUI,OUI,NON,OUI,NON,OUI,NON,OUI,NON,OUI,OUI,NON,NON
CWHQ,Deschambault,46.690641,-71.971732,63,DEA,OUI,NON,OUI,NON,OUI,NON,OUI,OUI,NON,OUI,NON,OUI,NON,OUI,NON,OUI,NON,NON
CMVH,Deschambault SM,46.676783,-71.924858,22,FADQ,OUI,OUI,NON,OUI,OUI,OUI,OUI,NON,OUI,NON,OUI,NON,OUI,NON,OUI,OUI,NON,NON
CQDO,Domaine,47.025278,-76.534167,412,SOPFEU,OUI,NON,NON,OUI,OUI,NON,OUI,OUI,NON,NON,NON,OUI,NON,OUI,NON,NON,NON,NON
QFDO,Dosquet,46.47225,-71.53793,135,FADQ,OUI,OUI,NON,OUI,OUI,NON,OUI,NON,NON,NON,NON,NON,NON,NON,NON,NON,NON,NON
CQDU,Duchénier,48.1167,-68.5918,323,DCF,OUI,NON,NON,OUI,OUI,NON,OUI,OUI,NON,OUI,NON,OUI,NON,OUI,NON,NON,NON,NON
CMUD,Duhamel,47.332439,-79.34834,226,FADQ,OUI,OUI,NON,OUI,OUI,NON,OUI,NON,OUI,NON,OUI,NON,OUI,NON,OUI,OUI,NON,NON
CGMD,Dumoine Nord,47.33389,-77.95639,374,SOPFEU,OUI,NON,NON,OUI,OUI,NON,OUI,OUI,NON,NON,NON,OUI,NON,OUI,NON,NON,NON,NON
CQDF,Dunford,47.024316,-71.604029,404,SOPFEU,OUI,NON,NON,OUI,OUI,NON,OUI,OUI,NON,NON,NON,OUI,NON,OUI,NON,NON,NON,NON
CMVJ,Dunham,45.096216,-72.813383,217,FADQ,OUI,NON,NON,OUI,OUI,OUI,OUI,NON,NON,NON,NON,NON,NON,NON,NON,OUI,NON,NON
CQDN,Dunière,48.7063,-66.7769,442,DCF,OUI,NON,NON,OUI,OUI,NON,OUI,OUI,NON,OUI,NON,OUI,NON,OUI,NON,NON,NON,NON
QFPB,East Broughton,46.216917,-71.120538,494,FADQ,OUI,OUI,NON,OUI,OUI,NON,OUI,NON,NON,NON,NON,NON,NON,NON,NON,NON,NON,NON
CMZS,Egan-Sud,46.523067,-75.946717,184,FADQ,OUI,OUI,NON,OUI,OUI,NON,OUI,NON,NON,NON,NON,NON,NON,NON,NON,NON,NON,NON
CQEO,Escoumins,48.71924,-69.612916,507,SOPFEU,OUI,NON,NON,OUI,OUI,NON,OUI,OUI,NON,NON,NON,OUI,NON,OUI,NON,NON,NON,NON
QFES,Esprit-Saint,48.06982,-68.60642,253,FADQ,OUI,OUI,NON,OUI,OUI,NON,OUI,NON,NON,NON,NON,NON,NON,NON,NON,NON,NON,NON
CQES,Estcourt,47.555,-69.1275,261,DCF,OUI,OUI,NON,OUI,OUI,NON,OUI,OUI,NON,OUI,NON,OUI,NON,OUI,NON,NON,NON,NON
CMMF,Farnham F,45.303064,-72.982734,53,FADQ,OUI,OUI,NON,OUI,OUI,NON,OUI,NON,NON,NON,NON,NON,NON,NON,NON,NON,NON,NON
SCAA,Ferme Montaye,46.7209542,-71.16450298,77,SM,OUI,NON,NON,OUI,OUI,OUI,OUI,NON,OUI,NON,OUI,NON,OUI,NON,OUI,OUI,OUI,NON
CMZN,Ferme-Neuve,46.716617,-75.404633,233,FADQ,OUI,OUI,NON,OUI,OUI,NON,OUI,NON,NON,NON,NON,NON,NON,NON,NON,NON,NON,NON
CMFM,Forêt Montmorency,47.3226,-71.1483,672,DEA,OUI,OUI,OUI,OUI,OUI,NON,OUI,OUI,NON,OUI,NON,OUI,NON,OUI,NON,OUI,OUI,OUI
CMUF,Frampton,46.4764,-70.7652,415,FADQ,OUI,OUI,NON,OUI,OUI,OUI,OUI,NON,OUI,NON,OUI,NON,OUI,NON,OUI,OUI,NON,NON
CMVK,Franklin,45.033903,-73.898857,171,FADQ,OUI,OUI,NON,OUI,OUI,OUI,OUI,NON,OUI,NON,OUI,NON,OUI,NON,OUI,OUI,NON,NON
CWFQ,Frelighsburg,45.039583,-72.856117,151,DEA,OUI,OUI,OUI,OUI,OUI,NON,OUI,OUI,NON,OUI,NON,OUI,NON,OUI,NON,NON,OUI,OUI
CQGA,Galifet,47.256667,-73.738056,512,SOPFEU,OUI,OUI,OUI,OUI,OUI,NON,OUI,OUI,OUI,NON,NON,OUI,OUI,OUI,NON,NON,NON,NON
CMVS,Garagona,45.064817,-72.841153,171,FADQ,OUI,NON,NON,OUI,OUI,OUI,OUI,NON,OUI,NON,OUI,NON,OUI,NON,OUI,NON,NON,NON
CMGX,Gaspé,48.915278,-64.956389,508,SOPFEU,OUI,NON,NON,OUI,OUI,NON,OUI,OUI,NON,NON,NON,OUI,NON,OUI,NON,NON,NON,NON
CYGP,Gaspé A,48.7761,-64.4781,35,DEA,OUI,NON,NON,NON,OUI,NON,OUI,OUI,NON,OUI,NON,OUI,NON,OUI,NON,NON,OUI,OUI
CYND,Gatineau A,45.520451,-75.562956,59,DEA,OUI,NON,NON,NON,OUI,NON,OUI,OUI,NON,OUI,NON,OUI,NON,OUI,NON,NON,OUI,OUI
CQGO,Gouin,48.854617,-74.205817,528,SOPFEU,OUI,OUI,OUI,OUI,OUI,NON,OUI,OUI,OUI,NON,NON,OUI,OUI,OUI,NON,NON,NON,NON
CMGB,Granby,45.3728,-72.7739,90,DEA,OUI,OUI,NON,OUI,OUI,NON,OUI,OUI,NON,OUI,NON,OUI,NON,OUI,NON,NON,OUI,OUI
CMIR,Grand Lac Victoria Hydrométéo,47.722761,-77.404778,330,HYDRO,OUI,OUI,OUI,OUI,OUI,NON,OUI,NON,OUI,NON,NON,NON,OUI,NON,NON,NON,NON,NON
CMGZ,Grandes-Bergeronnes,48.274529,-69.543661,59,DEA,OUI,OUI,OUI,OUI,OUI,NON,OUI,OUI,NON,OUI,NON,OUI,NON,OUI,NON,NON,OUI,OUI
CMUG,Guérin,47.6487,-79.316996,284,FADQ,OUI,OUI,NON,OUI,OUI,OUI,OUI,NON,OUI,NON,OUI,NON,OUI,NON,OUI,NON,NON,NON
CQHA,Harricana,48.895617,-78.155632,297,SOPFEU,OUI,NON,NON,OUI,OUI,NON,OUI,OUI,NON,NON,NON,OUI,NON,OUI,NON,NON,NON,NON
CMVT,Hemmingford,45.047058,-73.609814,80,FADQ,OUI,OUI,NON,OUI,OUI,OUI,OUI,NON,NON,NON,NON,NON,NON,NON,NON,NON,NON,NON
CMVU,Henryville,45.132856,-73.218749,29,FADQ,OUI,OUI,NON,OUI,OUI,OUI,OUI,NON,NON,NON,NON,NON,NON,NON,NON,OUI,NON,NON
CMOF,Honfleur,46.67323,-70.87324,197,FADQ,OUI,OUI,NON,OUI,OUI,NON,OUI,NON,OUI,NON,OUI,NON,OUI,NON,OUI,NON,NON,NON
CMTK,Hébertville,48.4172,-71.73565,155,FADQ,OUI,OUI,NON,OUI,OUI,OUI,OUI,NON,OUI,NON,OUI,NON,OUI,NON,OUI,OUI,NON,NON
CMWF,Inverness,46.339767,-71.551717,156,FADQ,OUI,OUI,NON,OUI,OUI,OUI,OUI,NON,OUI,NON,OUI,NON,OUI,NON,OUI,OUI,NON,NON
CWJO,Jonquière,48.425,-71.1425,135,DEA,OUI,NON,OUI,OUI,OUI,NON,OUI,OUI,NON,OUI,NON,OUI,NON,OUI,NON,NON,OUI,OUI
CQJR,Jérémie,50.052925,-78.780958,260,SOPFEU,OUI,NON,NON,OUI,OUI,NON,OUI,OUI,NON,NON,NON,OUI,NON,OUI,NON,NON,NON,NON
CMOZ,Kamouraska,47.558332,-69.837499,20,FADQ,OUI,OUI,NON,OUI,OUI,OUI,OUI,NON,OUI,NON,OUI,NON,OUI,NON,OUI,OUI,NON,NON
CMKI,Kipawa,47.15639,-78.934,331,SOPFEU,OUI,NON,NON,OUI,OUI,NON,OUI,OUI,NON,NON,NON,OUI,NON,OUI,NON,NON,NON,NON
CWIZ,L'Acadie,45.29399,-73.349688,44,DEA,OUI,OUI,OUI,OUI,OUI,NON,OUI,OUI,NON,OUI,NON,OUI,NON,OUI,NON,NON,NON,NON
CWEW,L'Assomption,45.8094,-73.4348,20,DEA,OUI,OUI,OUI,OUI,OUI,NON,OUI,OUI,NON,OUI,NON,OUI,NON,OUI,NON,OUI,OUI,OUI
CMUM,L'Étang-du-Nord,47.37251,-61.92916,31,FADQ,OUI,OUI,NON,OUI,OUI,OUI,OUI,NON,OUI,NON,OUI,NON,OUI,NON,OUI,NON,NON,NON
CWUX,La Baie,48.2981,-70.9195,135,DEA,OUI,NON,NON,OUI,OUI,NON,OUI,OUI,NON,OUI,NON,OUI,NON,OUI,NON,OUI,OUI,OUI
QFLB,La Baie F,48.29372,-70.91543,153,FADQ,OUI,OUI,NON,OUI,OUI,NON,OUI,NON,NON,NON,NON,NON,NON,NON,NON,NON,NON,NON
QFLC,La Croche,47.63144,-72.74058,164,FADQ,OUI,OUI,NON,OUI,OUI,NON,OUI,NON,NON,NON,NON,NON,NON,NON,NON,NON,NON,NON
QFLP,La Patrie,45.405371,-71.231,388,FADQ,OUI,OUI,NON,OUI,OUI,OUI,OUI,NON,OUI,NON,OUI,NON,OUI,NON,OUI,OUI,NON,NON
CWST,La Pocatière,47.353941,-70.029082,30,DEA,OUI,OUI,OUI,OUI,OUI,OUI,OUI,OUI,NON,OUI,NON,OUI,NON,OUI,NON,NON,OUI,OUI
CQLA,La Pêche,45.6222,-76.0192,200,DCF,OUI,NON,NON,OUI,OUI,NON,OUI,OUI,NON,OUI,NON,OUI,NON,OUI,NON,NON,NON,NON
CMUJ,La Reine,48.863579,-79.369112,291,FADQ,OUI,OUI,NON,OUI,OUI,OUI,OUI,NON,OUI,NON,OUI,NON,OUI,NON,OUI,NON,NON,NON
CWDQ,La Tuque,47.4111,-72.7872,167,DEA,OUI,OUI,OUI,OUI,OUI,NON,OUI,OUI,NON,OUI,NON,OUI,NON,OUI,NON,NON,OUI,OUI
CMNJ,La Visitation,46.11829,-72.64218,42,FADQ,OUI,OUI,NON,OUI,OUI,NON,OUI,NON,OUI,NON,OUI,NON,OUI,NON,OUI,NON,NON,NON
CM2H,Lac Cold,48.18525,-73.244167,547,HYDRO,OUI,OUI,OUI,OUI,OUI,NON,OUI,OUI,OUI,OUI,NON,OUI,OUI,OUI,NON,NON,NON,NON
CMIK,Lac Cutaway,47.2178,-73.1328,440,HYDRO,OUI,OUI,OUI,OUI,OUI,NON,OUI,OUI,OUI,OUI,NON,OUI,OUI,OUI,NON,NON,NON,NON
CMFY,Lac Gabrielle,46.5095,-76.1589,280,HYDRO,OUI,OUI,OUI,OUI,OUI,NON,OUI,OUI,OUI,OUI,NON,OUI,OUI,OUI,NON,NON,NON,NON
QFLM,Lac Matapédia,48.50739,-67.4396,200,FADQ,OUI,OUI,NON,OUI,OUI,NON,OUI,NON,NON,NON,NON,NON,NON,NON,NON,NON,NON,NON
CMUS,Lac Megantic,45.606366,-70.932739,476,DEA,OUI,OUI,OUI,OUI,OUI,NON,OUI,OUI,NON,OUI,NON,OUI,NON,OUI,NON,NON,OUI,OUI
CQLP,Lac Panache,48.139134,-72.638453,433,SOPFEU,OUI,OUI,OUI,OUI,OUI,NON,OUI,OUI,OUI,NON,NON,OUI,OUI,OUI,NON,NON,NON,NON
CMFZ,Lac de la Roche,47.154722,-75.1975,390,HYDRO,OUI,OUI,OUI,OUI,OUI,NON,OUI,OUI,OUI,OUI,NON,OUI,OUI,OUI,NON,NON,NON,NON
QFBL,Lac-Brome,45.24441,-72.60385,271,FADQ,OUI,OUI,NON,OUI,OUI,NON,OUI,NON,NON,NON,NON,NON,NON,NON,NON,NON,NON,NON
CMZD,Lac-Sainte-Marie,45.978233,-76.025533,153,FADQ,OUI,OUI,NON,OUI,OUI,OUI,OUI,NON,OUI,NON,OUI,NON,OUI,NON,OUI,OUI,NON,NON
CQLM,Laflamme,48.920278,-70.252222,591,SOPFEU,OUI,OUI,OUI,OUI,OUI,NON,OUI,OUI,OUI,NON,NON,OUI,OUI,OUI,NON,NON,NON,NON
CMVV,Lanoraie,46.00927,-73.216,17,FADQ,OUI,OUI,NON,OUI,OUI,OUI,OUI,NON,OUI,NON,OUI,NON,OUI,NON,OUI,OUI,NON,NON
CXLT,Laterrière,48.3072,-71.1289,162,ALCAN,OUI,NON,NON,NON,OUI,NON,OUI,OUI,NON,OUI,NON,OUI,NON,OUI,NON,NON,OUI,OUI
CMUH,Latulipe,47.53979,-78.95255,284,FADQ,OUI,OUI,NON,OUI,OUI,NON,OUI,NON,NON,NON,NON,NON,NON,NON,NON,NON,NON,NON
CMKD,Laval,45.687852,-73.607031,6,FADQ,OUI,OUI,NON,OUI,OUI,NON,OUI,NON,NON,NON,NON,NON,NON,NON,NON,NON,NON,NON
CMQC,Lawrenceville,45.436333,-72.3514,213,FADQ,OUI,OUI,NON,OUI,OUI,OUI,OUI,NON,OUI,NON,OUI,NON,OUI,NON,OUI,OUI,NON,NON
CMLU,Lemieux,46.3038,-72.0605,98,DEA,OUI,NON,OUI,NON,OUI,NON,OUI,OUI,NON,OUI,NON,OUI,NON,OUI,NON,OUI,OUI,OUI
CWQH,Lennoxville,45.368613,-71.82343,180,DEA,OUI,OUI,OUI,OUI,OUI,NON,OUI,OUI,NON,OUI,NON,OUI,NON,OUI,NON,NON,OUI,OUI
CMZG,Litchfield,45.804083,-76.668683,117,FADQ,OUI,OUI,NON,OUI,OUI,NON,OUI,NON,NON,NON,NON,NON,NON,NON,NON,NON,NON,NON
QFMA,Macamic,48.80614,-79.06718,286,FADQ,OUI,OUI,NON,OUI,OUI,NON,OUI,NON,NON,NON,NON,NON,NON,NON,NON,NON,NON,NON
CWMJ,Maniwaki,46.273555,-75.98775,199,DEA,OUI,OUI,OUI,OUI,OUI,NON,OUI,OUI,NON,OUI,NON,OUI,NON,OUI,NON,NON,OUI,OUI
CMXL,Maskinongé,46.201317,-73.041117,2,FADQ,OUI,OUI,NON,OUI,OUI,NON,OUI,NON,OUI,NON,OUI,NON,OUI,NON,OUI,OUI,NON,NON
CMZL,Masson,45.56245,-75.347267,56,FADQ,OUI,OUI,NON,OUI,OUI,OUI,OUI,NON,OUI,NON,OUI,NON,OUI,NON,OUI,OUI,NON,NON
CGMG,Matagami,49.7578,-77.7931,279,DEA,OUI,OUI,OUI,OUI,OUI,NON,OUI,OUI,NON,OUI,NON,OUI,NON,OUI,NON,NON,OUI,OUI
CYNM,Matagami A,49.7656,-77.805,280,DEA,OUI,NON,OUI,NON,OUI,NON,OUI,OUI,NON,OUI,NON,OUI,NON,OUI,NON,NON,OUI,OUI
CMYM,Matane,48.786117,-67.456867,256,FADQ,OUI,OUI,NON,OUI,OUI,OUI,OUI,NON,OUI,NON,OUI,NON,OUI,NON,OUI,OUI,NON,NON
CMMW,Matawin Barrage amont,46.8618,-73.6591,369,HYDRO,OUI,OUI,OUI,OUI,OUI,NON,OUI,NON,OUI,NON,NON,NON,OUI,NON,NON,NON,NON,NON
CWTA,Mctavish,45.505,-73.5792,72,DEA,OUI,OUI,OUI,NON,OUI,NON,OUI,OUI,NON,OUI,NON,OUI,NON,OUI,NON,OUI,OUI,OUI
CMQF,Melbourne,45.58921,-72.09256,270,FADQ,OUI,OUI,NON,OUI,OUI,OUI,OUI,NON,OUI,NON,OUI,NON,OUI,NON,OUI,OUI,NON,NON
CYMX,Mirabel,45.6661,-74.0331,82,DEA,OUI,NON,NON,NON,OUI,NON,OUI,OUI,NON,NON,NON,OUI,NON,NON,NON,NON,OUI,OUI
CMZQ,Mirabel F,45.606083,-74.136783,45,FADQ,OUI,OUI,NON,OUI,OUI,OUI,OUI,NON,OUI,NON,OUI,NON,OUI,NON,OUI,OUI,NON,NON
CQMT,Mistaouac,49.498459,-78.784179,296,SOPFEU,OUI,NON,NON,OUI,OUI,NON,OUI,OUI,NON,NON,NON,OUI,NON,OUI,NON,NON,NON,NON
CQMB,Mistassibi 2,49.3731,-71.9408,216,ALCAN,NON,NON,OUI,OUI,OUI,NON,NON,NON,NON,OUI,NON,NON,NON,OUI,NON,NON,NON,NON
CQMI,Mistassini,49.3327,-72.6308,320,SOPFEU,OUI,NON,OUI,OUI,OUI,NON,OUI,OUI,NON,NON,NON,OUI,NON,OUI,NON,NON,NON,NON
CWIX,Mistook,48.5983,-71.7159,109,ALCAN,OUI,NON,OUI,OUI,OUI,NON,OUI,OUI,NON,OUI,NON,OUI,NON,OUI,NON,NON,OUI,NON
QFMC,Mont-Carmel,47.41722,-69.80029,211,FADQ,OUI,OUI,NON,OUI,OUI,NON,OUI,NON,NON,NON,NON,NON,NON,NON,NON,NON,NON,NON
CMJI,Mont-Joli,48.605277,-68.195556,55,DEA,OUI,OUI,OUI,OUI,OUI,NON,OUI,OUI,NON,OUI,NON,OUI,NON,OUI,NON,NON,OUI,OUI
CYYY,Mont-Joli A,48.60902,-68.20759,48,DEA,OUI,NON,NON,NON,OUI,NON,OUI,OUI,NON,NON,NON,OUI,NON,NON,NON,NON,OUI,OUI
CMZC,Mont-Laurier F,46.52355,-75.490133,221,FADQ,OUI,OUI,NON,OUI,OUI,OUI,OUI,NON,OUI,NON,OUI,NON,OUI,NON,OUI,OUI,NON,NON
CQMK,Montagnais,47.8958,-71.8883,492,ALCAN,NON,NON,OUI,OUI,OUI,NON,NON,NON,NON,OUI,NON,NON,NON,OUI,NON,NON,NON,NON
CQMO,Montmagny,46.9814,-70.3257,318,DCF,OUI,OUI,NON,OUI,OUI,NON,OUI,OUI,NON,OUI,NON,OUI,NON,OUI,NON,NON,NON,NON
CWTQ,Montréal Intl,45.4678,-73.7417,31,DEA,OUI,OUI,OUI,OUI,OUI,OUI,OUI,OUI,NON,OUI,NON,OUI,NON,OUI,NON,OUI,OUI,OUI
QFNV,Napierville,45.16154,-73.38417,53,FADQ,OUI,OUI,NON,OUI,OUI,NON,OUI,NON,OUI,NON,OUI,NON,OUI,NON,OUI,NON,NON,NON
CYNA,Natashquan A,50.19,-61.78889,11,DEA,OUI,NON,OUI,NON,OUI,NON,OUI,OUI,NON,OUI,NON,OUI,NON,OUI,NON,NON,OUI,OUI
CWOC,New Carlisle,48.012027,-65.331611,46,DEA,OUI,OUI,OUI,NON,OUI,NON,OUI,OUI,NON,OUI,NON,OUI,NON,OUI,NON,NON,OUI,OUI
CMJN,New Richmond East,48.156733,-65.841919,2,DEA,OUI,OUI,OUI,OUI,OUI,NON,OUI,OUI,NON,OUI,NON,OUI,NON,OUI,NON,NON,OUI,OUI
CMYW,New-Richmond,48.188883,-65.832217,46,FADQ,OUI,OUI,NON,OUI,OUI,NON,OUI,NON,OUI,NON,OUI,NON,OUI,NON,OUI,OUI,NON,NON
CMQZ,Newport,45.395617,-71.489733,365,FADQ,OUI,OUI,NON,OUI,OUI,NON,OUI,NON,NON,NON,NON,NON,NON,NON,NON,NON,NON,NON
CWNQ,Nicolet,46.225979,-72.657072,7,DEA,OUI,NON,OUI,NON,OUI,NON,OUI,OUI,NON,OUI,NON,OUI,NON,OUI,NON,OUI,OUI,OUI
CWOD,Normandin,48.841979,-72.54643,136,DEA,OUI,OUI,OUI,OUI,OUI,OUI,OUI,OUI,NON,OUI,NON,OUI,NON,OUI,NON,OUI,OUI,OUI
QFNO,Normandin F,48.863888,-72.513306,193,FADQ,OUI,OUI,NON,OUI,OUI,NON,OUI,NON,NON,NON,NON,NON,NON,NON,NON,NON,NON,NON
QFNU,Nouvelle,48.16076,-66.36607,36,FADQ,OUI,OUI,NON,OUI,OUI,NON,OUI,NON,NON,NON,NON,NON,NON,NON,NON,NON,NON,NON
CQOB,Observation,48.5683,-65.2012,520,DCF,OUI,NON,NON,OUI,OUI,NON,OUI,OUI,NON,OUI,NON,OUI,NON,OUI,NON,NON,NON,NON
CMVZ,Oka,45.516214,-74.086885,93,FADQ,OUI,NON,NON,OUI,OUI,OUI,OUI,NON,NON,NON,NON,NON,NON,NON,NON,NON,NON,NON
CWXC,Onatchiway,48.8942,-71.0317,303,DEA,OUI,NON,OUI,OUI,OUI,NON,OUI,OUI,NON,OUI,NON,OUI,NON,OUI,NON,NON,OUI,OUI
CMZY,Ormstown F,45.147117,-74.0237,46,FADQ,OUI,OUI,NON,OUI,OUI,NON,OUI,NON,OUI,NON,OUI,NON,OUI,NON,OUI,NON,NON,NON
CXOA,Ottawa CDA,45.3824,-75.71402,79,DEA,OUI,OUI,OUI,OUI,OUI,OUI,OUI,OUI,NON,OUI,NON,OUI,NON,OUI,NON,OUI,OUI,OUI
CMUB,Palmarolle,48.664111,-79.164602,273,FADQ,OUI,OUI,NON,OUI,OUI,NON,OUI,NON,OUI,NON,OUI,NON,OUI,NON,OUI,OUI,NON,NON
CQPA,Papineau Labelle,46.2163,-75.1961,250,DCF,OUI,OUI,NON,OUI,OUI,NON,OUI,OUI,NON,OUI,NON,OUI,NON,OUI,NON,NON,NON,NON
CTPM,Pembroke,45.86007,-77.252387,161,DEA,OUI,OUI,OUI,OUI,OUI,NON,OUI,OUI,NON,OUI,NON,OUI,NON,OUI,NON,NON,OUI,OUI
CMYX,Percé,48.458617,-64.3529,127,FADQ,OUI,OUI,NON,OUI,OUI,OUI,OUI,NON,OUI,NON,OUI,NON,OUI,NON,OUI,NON,NON,NON
CWYQ,Pointe-Au-Père,48.513861,-68.468416,4,DEA,OUI,NON,OUI,NON,OUI,NON,OUI,OUI,NON,OUI,NON,OUI,NON,OUI,NON,OUI,OUI,OUI
CMZK,Pontiac,45.550233,-76.126167,80,FADQ,OUI,OUI,NON,OUI,OUI,OUI,OUI,NON,OUI,NON,OUI,NON,OUI,NON,OUI,OUI,NON,NON
QFPO,Potton,45.04586,-72.40315,185,FADQ,OUI,OUI,NON,OUI,OUI,OUI,OUI,NON,OUI,NON,OUI,NON,OUI,NON,OUI,OUI,NON,NON
QFPV,Princeville,46.12489,-71.89632,151,FADQ,OUI,OUI,NON,OUI,OUI,NON,OUI,NON,NON,NON,NON,NON,NON,NON,NON,NON,NON,NON
CMUQ,Privat,48.65989,-78.71537,313,FADQ,OUI,OUI,NON,OUI,OUI,OUI,OUI,NON,NON,NON,NON,NON,NON,NON,NON,NON,NON,NON
CQPM,Pépinière St-Modeste,47.837,-69.3912,170,DCF,OUI,OUI,NON,OUI,OUI,NON,OUI,OUI,NON,OUI,NON,OUI,NON,OUI,NON,NON,NON,NON
CMTS,Pépinière Trécesson,48.5752,-78.2553,349,DCF,OUI,OUI,NON,OUI,OUI,NON,OUI,OUI,NON,OUI,NON,OUI,NON,OUI,NON,OUI,NON,NON
CWQB,Québec,46.8036,-71.3817,60,DEA,OUI,OUI,OUI,OUI,OUI,NON,OUI,OUI,NON,OUI,NON,OUI,NON,OUI,NON,NON,OUI,OUI
CYQB,Québec A,46.788861,-71.383806,70,DEA,OUI,NON,NON,NON,OUI,NON,OUI,OUI,NON,NON,NON,OUI,NON,NON,NON,NON,OUI,OUI
CQUE,Quévillon,49.035833,-77.021179,293,SOPFEU,OUI,NON,NON,OUI,OUI,NON,OUI,OUI,NON,NON,NON,OUI,NON,OUI,NON,NON,NON,NON
CMRS,Rapide Sept,47.7976,-78.2962,338,HYDRO,OUI,OUI,OUI,OUI,OUI,NON,OUI,NON,OUI,NON,NON,NON,OUI,NON,NON,NON,NON,NON
QFRI,Rigaud,45.49199,-74.40189,47,FADQ,OUI,OUI,NON,OUI,OUI,NON,OUI,NON,NON,NON,NON,NON,NON,NON,NON,NON,NON,NON
CMYD,Rimouski,48.418033,-68.531917,100,FADQ,OUI,OUI,NON,OUI,OUI,NON,OUI,NON,NON,NON,NON,NON,NON,NON,NON,NON,NON,NON
CMRW,Rivière Windigo,47.9158,-73.3696,310,HYDRO,OUI,OUI,OUI,OUI,OUI,NON,OUI,OUI,OUI,OUI,NON,OUI,OUI,OUI,NON,NON,NON,NON
CMRE,Rivière aux Eaux Mortes,47.0974,-72.496,301,HYDRO,OUI,OUI,OUI,OUI,OUI,NON,OUI,OUI,OUI,OUI,NON,OUI,OUI,OUI,NON,NON,NON,NON
CMKB,Rivière de la Corneille,46.7503,-76.9262,328,DCF,OUI,NON,NON,OUI,OUI,NON,OUI,OUI,NON,OUI,NON,OUI,NON,OUI,NON,NON,NON,NON
CMZA,Rivière-Rouge,46.4681,-74.93731,258,FADQ,OUI,OUI,NON,OUI,OUI,OUI,OUI,NON,OUI,NON,OUI,NON,OUI,NON,OUI,OUI,NON,NON
CWNH,Rivière-du-Loup,47.8061,-69.5485,146,DEA,OUI,OUI,OUI,OUI,OUI,NON,OUI,OUI,NON,OUI,NON,OUI,NON,OUI,NON,NON,OUI,OUI
CYRJ,Roberval,48.523021,-72.26619,174,DEA,OUI,NON,NON,NON,OUI,NON,OUI,OUI,NON,OUI,NON,OUI,NON,OUI,NON,NON,OUI,OUI
CQRO,Rouge-Matawin,46.6583,-74.5114,505,DCF,OUI,OUI,OUI,OUI,OUI,NON,OUI,OUI,OUI,OUI,OUI,OUI,OUI,OUI,OUI,NON,NON,NON
CMWQ,Rougemont,45.449921,-73.067298,79,FADQ,OUI,NON,NON,OUI,OUI,OUI,OUI,NON,NON,NON,NON,NON,NON,NON,NON,NON,NON,NON
CWUY,Rouyn,48.245827,-79.0338,317,DEA,OUI,NON,OUI,NON,OUI,NON,OUI,OUI,NON,OUI,NON,OUI,NON,OUI,NON,OUI,OUI,OUI
CYUY,Rouyn A,48.209705,-78.828861,302,DEA,OUI,NON,NON,NON,OUI,NON,OUI,OUI,NON,NON,NON,OUI,NON,NON,NON,NON,OUI,OUI
CMKG,Réservoir Baskatong,46.718,-75.9868,220,HYDRO,OUI,OUI,OUI,OUI,OUI,NON,OUI,OUI,OUI,OUI,NON,OUI,OUI,OUI,NON,NON,NON,NON
CMDW,Réservoir Dozois,47.4475,-77.0762,360,HYDRO,OUI,OUI,OUI,OUI,OUI,NON,OUI,OUI,OUI,OUI,NON,OUI,OUI,OUI,NON,NON,NON,NON
CMPP,Réservoir Pipmuacan,49.3598,-70.9152,566,HYDRO,OUI,OUI,OUI,OUI,OUI,NON,OUI,OUI,OUI,OUI,NON,OUI,OUI,OUI,NON,NON,NON,NON
CMTZ,Sacré-Coeur,48.224017,-69.79665,116,FADQ,OUI,OUI,NON,OUI,OUI,NON,OUI,NON,OUI,NON,OUI,NON,OUI,NON,OUI,NON,NON,NON
CMTT,Saguenay,48.3763,-71.172933,165,FADQ,OUI,OUI,NON,OUI,OUI,NON,OUI,NON,NON,NON,NON,NON,NON,NON,NON,NON,NON,NON
CMAI,Saint-Aimé-des-Lacs,47.686667,-70.302222,214,SOPFEU,OUI,NON,NON,OUI,OUI,NON,OUI,OUI,NON,NON,NON,OUI,NON,OUI,NON,NON,NON,NON
CMYI,Saint-Alexis-de-Matapédia,47.987233,-67.078783,298,FADQ,OUI,OUI,NON,OUI,OUI,NON,OUI,NON,NON,NON,NON,NON,NON,NON,NON,NON,NON,NON
CMZM,Saint-André-Avellin,45.75505,-75.038483,176,FADQ,OUI,OUI,NON,OUI,OUI,OUI,OUI,NON,OUI,NON,OUI,NON,OUI,NON,OUI,OUI,NON,NON
CWBZ,Saint-Anicet,45.1208,-74.2895,48,DEA,OUI,NON,OUI,NON,OUI,NON,OUI,OUI,NON,OUI,NON,OUI,NON,OUI,NON,OUI,OUI,OUI
QFST,Saint-Anicet F,45.12815,-74.34932,50,FADQ,OUI,OUI,NON,OUI,OUI,NON,OUI,NON,NON,NON,NON,NON,NON,NON,NON,NON,NON,NON
CMWR,Saint-Antoine-de-Tilly,46.674617,-71.531112,71,FADQ,OUI,OUI,NON,OUI,OUI,OUI,OUI,NON,NON,NON,NON,NON,NON,NON,NON,NON,NON,NON
QFAR,Saint-Arsène,47.945,-69.39048,76,FADQ,OUI,OUI,NON,OUI,OUI,NON,OUI,NON,NON,NON,NON,NON,NON,NON,NON,NON,NON,NON
CMOW,Saint-Aubert,47.175633,-70.261433,37,FADQ,OUI,OUI,NON,OUI,OUI,NON,OUI,NON,OUI,NON,OUI,NON,OUI,NON,OUI,OUI,NON,NON
QFSA,Saint-Augustin (Dalmas),48.80838,-71.97438,116,FADQ,OUI,OUI,NON,OUI,OUI,NON,OUI,NON,NON,NON,NON,NON,NON,NON,NON,NON,NON,NON
CMXR,Saint-Barnabé,46.407717,-72.853883,93,FADQ,OUI,OUI,NON,OUI,OUI,NON,OUI,NON,OUI,NON,OUI,NON,OUI,NON,OUI,NON,NON,NON
CMKU,Saint-Bernard,46.515158,-71.189928,155,FADQ,OUI,OUI,NON,OUI,OUI,OUI,OUI,NON,OUI,NON,OUI,NON,OUI,NON,OUI,OUI,NON,NON
CMNP,Saint-Bernard-de-Michaudville,45.851751,-73.116793,11,FADQ,OUI,OUI,NON,OUI,OUI,OUI,OUI,NON,NON,NON,NON,NON,NON,NON,NON,NON,NON,NON
QFBG,Saint-Bruno-de-Guigues,47.43749,-79.43862,213,FADQ,OUI,OUI,NON,OUI,OUI,NON,OUI,NON,NON,NON,NON,NON,NON,NON,NON,NON,NON,NON
CMWV,Saint-Bruno-de-Montarville,45.541378,-73.340258,58,FADQ,OUI,NON,NON,OUI,OUI,OUI,OUI,NON,OUI,NON,OUI,NON,OUI,NON,OUI,OUI,NON,NON
CMOK,Saint-Camille-de-Lellis,46.494617,-70.203367,452,FADQ,OUI,OUI,NON,OUI,OUI,NON,OUI,NON,OUI,NON,OUI,NON,OUI,NON,OUI,NON,NON,NON
QFCB,Saint-Charles-de-Bellechasse,46.74102,-70.95374,71,FADQ,OUI,OUI,NON,OUI,OUI,NON,OUI,NON,NON,NON,NON,NON,NON,NON,NON,NON,NON,NON
QFCO,Saint-Charles-de-Bourget,48.50531,-71.40052,127,FADQ,OUI,OUI,NON,OUI,OUI,NON,OUI,NON,NON,NON,NON,NON,NON,NON,NON,NON,NON,NON
QFCA,Saint-Christophe-d'Arthabaska,46.02626,-71.9614,137,FADQ,OUI,OUI,NON,OUI,OUI,NON,OUI,NON,NON,NON,NON,NON,NON,NON,NON,NON,NON,NON
CMXH,Saint-Cléophas,46.244469,-73.386227,160,FADQ,OUI,OUI,NON,OUI,OUI,OUI,OUI,NON,OUI,NON,OUI,NON,OUI,NON,OUI,OUI,NON,NON
CMKH,Saint-Coeur-de-Marie,48.66544,-71.72342,127,FADQ,OUI,OUI,NON,OUI,OUI,OUI,OUI,NON,OUI,NON,OUI,NON,OUI,NON,OUI,OUI,NON,NON
QFSC,Saint-Célestin,46.232996,-72.375892,58,FADQ,OUI,OUI,NON,OUI,OUI,NON,OUI,NON,OUI,NON,OUI,NON,OUI,NON,OUI,NON,NON,NON
CMUW,Saint-David,45.95748,-72.860501,29,FADQ,OUI,OUI,NON,OUI,OUI,OUI,OUI,NON,OUI,NON,OUI,NON,OUI,NON,OUI,OUI,NON,NON
CMTA,Saint-Eugène-d'Argentenay,48.970167,-72.268317,143,FADQ,OUI,OUI,NON,OUI,OUI,OUI,OUI,NON,OUI,NON,OUI,NON,OUI,NON,OUI,NON,NON,NON
CMUZ,Saint-Fabien,48.28494,-68.84155,142,FADQ,OUI,OUI,NON,OUI,OUI,OUI,OUI,NON,OUI,NON,OUI,NON,OUI,NON,OUI,OUI,NON,NON
CMKF,Saint-Félix-de-Kingsey,45.82888,-72.20579,121,FADQ,OUI,OUI,NON,OUI,OUI,NON,OUI,NON,OUI,NON,OUI,NON,OUI,NON,OUI,OUI,NON,NON
CMYG,Saint-Gabriel-de-Rimouski,48.416883,-68.115567,349,FADQ,OUI,OUI,NON,OUI,OUI,OUI,OUI,NON,OUI,NON,OUI,NON,OUI,NON,OUI,OUI,NON,NON
CMQH,Saint-Georges-de-Windsor,45.659017,-71.786183,280,FADQ,OUI,OUI,NON,OUI,OUI,OUI,OUI,NON,OUI,NON,OUI,NON,OUI,NON,OUI,OUI,NON,NON
CMSI,Saint-Germain-de-Grantham,45.8253,-72.537,85,DEA,OUI,OUI,OUI,OUI,OUI,NON,OUI,OUI,NON,OUI,NON,OUI,NON,OUI,NON,NON,OUI,OUI
CMKQ,Saint-Godefroi,48.124932,-65.124717,122,FADQ,OUI,OUI,NON,OUI,OUI,NON,OUI,NON,NON,NON,NON,NON,NON,NON,NON,NON,NON,NON
CMWX,Saint-Grégoire,45.348321,-73.156437,58,FADQ,OUI,OUI,NON,OUI,OUI,OUI,OUI,NON,OUI,NON,OUI,NON,OUI,NON,OUI,OUI,NON,NON
QFSG,Saint-Gédéon de Grandmont,48.505602,-71.742168,121,FADQ,OUI,OUI,NON,OUI,OUI,NON,OUI,NON,NON,NON,NON,NON,NON,NON,NON,NON,NON,NON
CMNH,Saint-Herménégilde,45.0962,-71.714467,453,FADQ,OUI,OUI,NON,OUI,OUI,OUI,OUI,NON,OUI,NON,OUI,NON,OUI,NON,OUI,OUI,NON,NON
CMWY,Saint-Hilaire,45.52399,-73.1674,52,FADQ,OUI,OUI,NON,OUI,OUI,OUI,OUI,NON,OUI,NON,OUI,NON,OUI,NON,OUI,NON,NON,NON
CMSW,Saint-Hilarion F,47.596407,-70.40716,408,FADQ,OUI,OUI,NON,OUI,OUI,NON,OUI,NON,OUI,NON,OUI,NON,OUI,NON,OUI,NON,NON,NON
CYHU,Saint-Hubert,45.515223,-73.417699,25,DEA,OUI,NON,OUI,NON,OUI,NON,OUI,OUI,NON,OUI,NON,OUI,NON,OUI,NON,NON,OUI,OUI
CMZW,Saint-Jacques,45.956533,-73.556567,59,FADQ,OUI,OUI,NON,OUI,OUI,NON,OUI,NON,NON,NON,NON,NON,NON,NON,NON,NON,NON,NON
CMYC,Saint-Jean-de-Dieu,47.9377,-69.04248,254,FADQ,OUI,OUI,NON,OUI,OUI,NON,OUI,NON,NON,NON,NON,NON,NON,NON,NON,OUI,NON,NON
QFAK,Saint-Joseph-de-Kamouraska,47.645,-69.60574,127,FADQ,OUI,OUI,NON,OUI,OUI,NON,OUI,NON,NON,NON,NON,NON,NON,NON,NON,NON,NON,NON
CMVD,Saint-Joseph-de-Lepage,48.58397,-68.11717,68,FADQ,OUI,OUI,NON,OUI,OUI,OUI,OUI,NON,OUI,NON,OUI,NON,OUI,NON,OUI,NON,NON,NON
CMWZ,Saint-Joseph-du-Lac,45.540595,-74.026481,90,FADQ,OUI,NON,NON,OUI,OUI,OUI,OUI,NON,NON,NON,NON,NON,NON,NON,NON,NON,NON,NON
CWJT,Saint-Jovite,46.080444,-74.555815,238,DEA,OUI,NON,OUI,NON,OUI,NON,OUI,OUI,NON,OUI,NON,OUI,NON,OUI,NON,OUI,OUI,OUI
CMXB,Saint-Laurent,46.872021,-70.992406,55,FADQ,OUI,OUI,NON,OUI,OUI,NON,OUI,NON,OUI,NON,OUI,NON,OUI,NON,OUI,OUI,NON,NON
CMNB,Saint-Liboire,45.6517,-72.80273,71,FADQ,OUI,OUI,NON,OUI,OUI,NON,OUI,NON,OUI,NON,OUI,NON,OUI,NON,OUI,OUI,NON,NON
CMUU,Saint-Louis-de-Blandford,46.23565,-72.07761,93,FADQ,OUI,OUI,NON,OUI,OUI,OUI,OUI,NON,OUI,NON,OUI,NON,OUI,NON,OUI,NON,NON,NON
CMNX,Saint-Léon-le-Grand,48.35546,-67.55133,264,FADQ,OUI,OUI,NON,OUI,OUI,OUI,OUI,NON,OUI,NON,OUI,NON,OUI,NON,OUI,OUI,NON,NON
CMXY,Saint-Léonard-de-Portneuf,46.8854,-71.910267,154,FADQ,OUI,OUI,NON,OUI,OUI,NON,OUI,NON,OUI,NON,OUI,NON,OUI,NON,OUI,NON,NON,NON
CMUP,Saint-Marc-de-Figuery,48.41774,-78.01821,313,FADQ,OUI,OUI,NON,OUI,OUI,OUI,OUI,NON,OUI,NON,OUI,NON,OUI,NON,OUI,NON,NON,NON
CMOV,Saint-Marcel,46.8873,-70.072417,442,FADQ,OUI,OUI,NON,OUI,OUI,OUI,OUI,NON,OUI,NON,OUI,NON,OUI,NON,OUI,OUI,NON,NON
CMPQ,Saint-Martin,45.914317,-70.595633,345,FADQ,OUI,OUI,NON,OUI,OUI,NON,OUI,NON,OUI,NON,OUI,NON,OUI,NON,OUI,OUI,NON,NON
CQST,Saint-Maurice,46.9576,-73.0042,385,DCF,OUI,OUI,OUI,OUI,OUI,NON,OUI,OUI,OUI,OUI,OUI,OUI,OUI,OUI,OUI,NON,NON,NON
CQSL,Saint-Michel,46.682315,-73.913913,372,SOPFEU,OUI,NON,NON,OUI,OUI,NON,OUI,OUI,NON,NON,NON,OUI,NON,OUI,NON,NON,NON,NON
CMMY,Saint-Michel-des-Saints,46.8156,-74.094,390,DEA,OUI,OUI,OUI,OUI,OUI,NON,OUI,OUI,NON,OUI,NON,OUI,NON,OUI,NON,NON,OUI,OUI
CMXD,Saint-Paul-d'Abbotsford,45.44944,-72.88755,111,FADQ,OUI,OUI,NON,OUI,OUI,OUI,OUI,NON,NON,NON,NON,NON,NON,NON,NON,OUI,NON,NON
CMOE,Saint-Pierre-de-la-Rivière-du-Sud,46.935,-70.635867,24,FADQ,OUI,OUI,NON,OUI,OUI,OUI,OUI,NON,OUI,NON,OUI,NON,OUI,NON,OUI,OUI,NON,NON
CMZT,Saint-Polycarpe F,45.342283,-74.34045,63,FADQ,OUI,OUI,NON,OUI,OUI,NON,OUI,NON,NON,NON,NON,NON,NON,NON,NON,OUI,NON,NON
CMTG,Saint-Prime,48.617183,-72.410417,111,FADQ,OUI,OUI,NON,OUI,OUI,OUI,OUI,NON,OUI,NON,OUI,NON,OUI,NON,OUI,NON,NON,NON
QFSP,Saint-Prosper,46.21978,-70.39487,366,FADQ,OUI,OUI,NON,OUI,OUI,NON,OUI,NON,NON,NON,NON,NON,NON,NON,NON,NON,NON,NON
CMPT,Saint-Rémi,45.294436,-73.59288,44,FADQ,OUI,OUI,NON,OUI,OUI,NON,OUI,NON,OUI,NON,OUI,NON,OUI,NON,OUI,OUI,NON,NON
CMXV,Saint-Tite,46.68586,-72.54324,144,FADQ,OUI,OUI,NON,OUI,OUI,NON,OUI,NON,OUI,NON,OUI,NON,OUI,NON,OUI,NON,NON,NON
CMNW,Saint-Ulric-de-Matane,48.76086,-67.739,63,FADQ,OUI,OUI,NON,OUI,OUI,NON,OUI,NON,NON,NON,NON,NON,NON,NON,NON,OUI,NON,NON
CMVW,Saint-Édouard-de-Lotbinière,46.5708,-71.841583,62,FADQ,OUI,OUI,NON,OUI,OUI,NON,OUI,NON,NON,NON,NON,NON,NON,NON,NON,NON,NON,NON
CMUN,Saint-Éloi,48.05908,-69.28127,36,FADQ,OUI,OUI,NON,OUI,OUI,OUI,OUI,NON,OUI,NON,OUI,NON,OUI,NON,OUI,OUI,NON,NON
QFSE,Saint-Éphrem,46.036433,-70.871317,362,FADQ,OUI,OUI,NON,OUI,OUI,NON,OUI,NON,OUI,NON,OUI,NON,OUI,NON,OUI,NON,NON,NON
CWVQ,Sainte-Anne-de-Bellevue,45.4272,-73.9292,38,DEA,OUI,OUI,OUI,OUI,OUI,OUI,OUI,OUI,NON,OUI,NON,OUI,NON,OUI,NON,NON,OUI,OUI
CMZU,Sainte-Anne-des-Plaines,45.7669,-73.849117,70,FADQ,OUI,OUI,NON,OUI,OUI,OUI,OUI,NON,OUI,NON,OUI,NON,OUI,NON,OUI,OUI,NON,NON
CWIT,Sainte-Clotilde,45.166682,-73.678318,52,DEA,OUI,OUI,OUI,OUI,OUI,OUI,OUI,OUI,NON,OUI,NON,OUI,NON,OUI,NON,OUI,OUI,OUI
CMUV,Sainte-Clotilde-de-Horton,45.98717,-72.25989,82,FADQ,OUI,OUI,NON,OUI,OUI,OUI,OUI,NON,OUI,NON,OUI,NON,OUI,NON,OUI,NON,NON,NON
QFSL,Sainte-Cécile-de-Levrard,46.46102,-72.15606,42,FADQ,OUI,OUI,NON,OUI,OUI,NON,OUI,NON,NON,NON,NON,NON,NON,NON,NON,NON,NON,NON
CMWW,Sainte-Cécile-de-Milton,45.4803,-72.74517,136,FADQ,OUI,OUI,NON,OUI,OUI,OUI,OUI,NON,OUI,NON,OUI,NON,OUI,NON,OUI,NON,NON,NON
CMPF,Sainte-Cécile-de-Whitton,45.63741,-70.92197,479,FADQ,OUI,OUI,NON,OUI,OUI,OUI,OUI,NON,OUI,NON,OUI,NON,OUI,NON,OUI,OUI,NON,NON
CMWB,Sainte-Famille I.O.,46.971573,-70.956563,100,FADQ,OUI,OUI,NON,OUI,OUI,OUI,OUI,NON,OUI,NON,OUI,NON,OUI,NON,OUI,NON,NON,NON
CWJB,Sainte-Foy,46.7803,-71.2875,91,DEA,OUI,OUI,OUI,NON,OUI,NON,OUI,OUI,NON,OUI,NON,OUI,NON,OUI,NON,OUI,NON,NON
CMXU,Sainte-Geneviève-de-Batiscan,46.51,-72.385617,32,FADQ,OUI,OUI,NON,OUI,OUI,OUI,OUI,NON,OUI,NON,OUI,NON,OUI,NON,OUI,NON,NON,NON
CMYH,Sayabec,48.564383,-67.701467,184,FADQ,OUI,OUI,NON,OUI,OUI,NON,OUI,NON,NON,NON,NON,NON,NON,NON,NON,NON,NON,NON
CXZV,Sept-Îles,50.218,-66.2414,52,DEA,OUI,OUI,OUI,OUI,OUI,OUI,OUI,OUI,NON,OUI,NON,OUI,NON,OUI,NON,OUI,OUI,OUI
CYZV,Sept-Îles A,50.2161,-66.2661,50,DEA,OUI,NON,NON,NON,OUI,NON,OUI,OUI,NON,NON,NON,OUI,NON,NON,NON,NON,OUI,OUI
CXSH,Shawinigan,46.5635,-72.7333,110,DEA,OUI,NON,NON,OUI,OUI,NON,OUI,OUI,NON,OUI,NON,OUI,NON,OUI,NON,NON,OUI,OUI
CYSC,Sherbrooke,45.440313,-71.691933,241,DEA,OUI,NON,OUI,NON,OUI,NON,OUI,OUI,NON,OUI,NON,OUI,NON,OUI,NON,NON,OUI,OUI
CYJN,St. Jean,45.2944,-73.2817,41,DEA,OUI,NON,NON,NON,OUI,NON,OUI,OUI,NON,OUI,NON,OUI,NON,OUI,NON,NON,OUI,OUI
CMQE,Stanstead,45.099017,-72.016533,314,FADQ,OUI,OUI,NON,OUI,OUI,OUI,OUI,NON,OUI,NON,OUI,NON,OUI,NON,OUI,OUI,NON,NON
CMVB,Stratford,45.7856,-71.3242,274,FADQ,OUI,OUI,NON,OUI,OUI,NON,OUI,NON,OUI,NON,OUI,NON,OUI,NON,OUI,OUI,NON,NON
CMTH,Thetford Mines,46.0492,-71.2662,430,DEA,OUI,OUI,OUI,OUI,OUI,NON,OUI,OUI,NON,OUI,NON,OUI,NON,OUI,NON,NON,OUI,OUI
CWTY,Trois-Rivières,46.3537,-72.5151,5,DEA,OUI,NON,NON,NON,OUI,NON,OUI,OUI,NON,OUI,NON,OUI,NON,OUI,NON,OUI,OUI,OUI
CYRQ,Trois-Rivières A,46.35157,-72.68046,60,DEA,OUI,NON,OUI,NON,OUI,NON,OUI,OUI,NON,OUI,NON,OUI,NON,OUI,NON,NON,OUI,OUI
CMYB,Témiscouata-sur-le-Lac,47.58714,-68.78263,319,FADQ,OUI,OUI,NON,OUI,OUI,OUI,OUI,NON,OUI,NON,OUI,NON,OUI,NON,OUI,OUI,NON,NON
CYVO,Val d'Or A,48.05333,-77.78278,336,DEA,OUI,NON,OUI,NON,OUI,NON,OUI,OUI,NON,OUI,NON,OUI,NON,OUI,NON,NON,OUI,OUI
CGVO,Val-d'Or RCS,48.0565,-77.7866,339,DEA,OUI,OUI,OUI,OUI,OUI,NON,OUI,OUI,NON,OUI,NON,OUI,NON,OUI,NON,NON,OUI,OUI
CMZF,Val-des-Monts,45.79285,-75.675117,176,FADQ,OUI,OUI,NON,OUI,OUI,NON,OUI,NON,NON,NON,NON,NON,NON,NON,NON,NON,NON,NON
CYOY,Valcartier A,46.9003,-71.5033,169,DEA,OUI,NON,NON,NON,OUI,NON,OUI,OUI,NON,NON,NON,OUI,NON,NON,NON,NON,OUI,OUI
CMXG,Victoriaville,46.037076,-71.919114,149,SM,OUI,NON,NON,OUI,OUI,OUI,OUI,NON,OUI,NON,OUI,NON,OUI,NON,OUI,OUI,NON,NON
CQWG,Wageguma,48.48871,-73.459115,588,SOPFEU,OUI,OUI,OUI,OUI,OUI,NON,OUI,OUI,OUI,NON,NON,OUI,OUI,OUI,NON,NON,NON,NON
CQWE,Weymont,47.845833,-73.806944,356,SOPFEU,OUI,OUI,OUI,OUI,OUI,NON,OUI,OUI,OUI,NON,NON,OUI,OUI,OUI,NON,NON,NON,NON
CWGR,Îles-de-la-Madeleine,47.425194,-61.774667,7,DEA,OUI,NON,OUI,OUI,OUI,NON,OUI,OUI,NON,OUI,NON,OUI,NON,OUI,NON,NON,OUI,OUI
